organization,employer_type,job_title,job_area,location,location_area,closing_date,closing_time,contract_type,work_pattern,salary,apply_url,job_reference,date_checked,source_url,job_summary
Bilsthorpe Flying High Academy,Education,Class Teacher,Education & Training,"Newark, Nottinghamshire, NG22 8PS",Newark & Sherwood,2026-10-02,09:00,Other,Part-time,"£22,260 - £27,211 annually (actual)",https://teaching-vacancies.service.gov.uk/jobs?location=Nottinghamshire&page=1,,2026-09-28,https://teaching-vacancies.service.gov.uk/jobs?location=Nottinghamshire&page=1,
Bramcote Hills Primary School,Education,Care Assistant,Care & Support,"Bramcote Hills Primary School, Bramcote, NG9 3GE",Broxtowe,2026-09-30,,Other,Not stated,,https://nottinghamshire.tal.net/vx/lang-en-GB/mobile-0/appcentre-ext/brand-8/candidate/jobboard/vacancy/1/adv/,,2026-09-28,https://nottinghamshire.tal.net/vx/lang-en-GB/mobile-0/appcentre-ext/brand-8/candidate/jobboard/vacancy/1/adv/,
Bramcote Hills Primary School,Education,Family Support Worker,Children & Young People,"Bramcote Hills Primary School, Bramcote, NG9 3GE",Broxtowe,2026-10-01,,Other,Not stated,,https://nottinghamshire.tal.net/vx/lang-en-GB/mobile-0/appcentre-ext/brand-8/candidate/jobboard/vacancy/1/adv/,,2026-09-28,https://nottinghamshire.tal.net/vx/lang-en-GB/mobile-0/appcentre-ext/brand-8/candidate/jobboard/vacancy/1/adv/,
Bramcote Hills Primary School,Education,Breakfast Club Assistant,Children & Young People,"Bramcote Hills Primary School, Bramcote, NG9 3GE",Broxtowe,2026-10-09,,Other,Not stated,,https://nottinghamshire.tal.net/vx/lang-en-GB/mobile-0/appcentre-ext/brand-8/candidate/jobboard/vacancy/1/adv/,,2026-09-28,https://nottinghamshire.tal.net/vx/lang-en-GB/mobile-0/appcentre-ext/brand-8/candidate/jobboard/vacancy/1/adv/,
Broadway Cinema,VCSE,Head of Film Hub Midlands,Management & Leadership,"Broadway, Nottingham",Nottingham,2026-09-30,12:00,Fixed-term,Full-time,"£44,958 per annum",https://www.broadway.org.uk/head-film-hub-midlands-0,,2026-09-28,https://www.broadway.org.uk/head-film-hub-midlands-0,"Lead Film Hub Midlands from Broadway, Nottingham, overseeing regional BFI projects, investment, partnerships and a geographically dispersed team. The role is responsible for Film Audience Network and BFI NETWORK activity, supporting exhibitors and early-career filmmakers while managing strategy, programmes and relationships across the Midlands."
Brookvale Academy,Education,Primary Classroom Teacher,Education & Training,"Nottingham, Nottinghamshire, NG7 4ES",Nottingham,2026-10-06,23:59,Other,Full-time,M1 - M6 / UPS1 - UPS3,https://teaching-vacancies.service.gov.uk/jobs?location=Nottinghamshire&page=1,,2026-09-28,https://teaching-vacancies.service.gov.uk/jobs?location=Nottinghamshire&page=1,
Broxtowe Borough Council,Council,Private Sector Housing Officer,Housing & Homelessness,Beeston,Broxtowe,2026-09-30,,Other,Not stated,,https://www.broxtowe.gov.uk/currentvacancies,,2026-09-28,https://www.broxtowe.gov.uk/currentvacancies,
Broxtowe Borough Council,Council,Repairs Inspector,"Property, Facilities & Operations",Beeston,Broxtowe,2026-10-04,,Other,Not stated,,https://www.broxtowe.gov.uk/currentvacancies,,2026-09-28,https://www.broxtowe.gov.uk/currentvacancies,
Broxtowe Borough Council,Council,Senior Grounds Maintenance Team Leader,"Property, Facilities & Operations",Beeston,Broxtowe,2026-10-04,,Other,Not stated,,https://www.broxtowe.gov.uk/currentvacancies,,2026-09-28,https://www.broxtowe.gov.uk/currentvacancies,
Broxtowe Borough Council,Council,Estates Surveyor,"Property, Facilities & Operations",Beeston,Broxtowe,2026-10-05,,Other,Not stated,,https://www.broxtowe.gov.uk/currentvacancies,,2026-09-28,https://www.broxtowe.gov.uk/currentvacancies,
Broxtowe Borough Council,Council,Part-time Senior Environmental Health Officer (Environmental Protection),"Planning, Environment & Regulatory",Beeston,Broxtowe,2026-10-05,,Other,Part-time,,https://www.broxtowe.gov.uk/currentvacancies,,2026-09-28,https://www.broxtowe.gov.uk/currentvacancies,
Broxtowe Borough Council,Council,Business Support Administrator,Administration & Business Support,Beeston,Broxtowe,2026-10-07,,Other,Not stated,,https://www.broxtowe.gov.uk/currentvacancies,,2026-09-28,https://www.broxtowe.gov.uk/currentvacancies,
Broxtowe Borough Council,Council,Single Trade Operator (Decorator),"Property, Facilities & Operations",Beeston,Broxtowe,2026-10-07,,Other,Not stated,,https://www.broxtowe.gov.uk/currentvacancies,,2026-09-28,https://www.broxtowe.gov.uk/currentvacancies,
Broxtowe Borough Council,Council,Multi Trade Operative,"Property, Facilities & Operations",Beeston,Broxtowe,2026-10-08,,Other,Not stated,,https://www.broxtowe.gov.uk/currentvacancies,,2026-09-28,https://www.broxtowe.gov.uk/currentvacancies,
Broxtowe Borough Council,Council,Communications and Marketing Project Officer,Community & Outreach,Beeston,Broxtowe,2026-10-22,,Other,Not stated,,https://www.broxtowe.gov.uk/currentvacancies,,2026-09-28,https://www.broxtowe.gov.uk/currentvacancies,
Bulwell St Mary's Primary and Nursery School,Education,Teacher,Education & Training,"Nottingham, Nottinghamshire, NG6 8GQ",Nottingham,2026-10-06,09:00,Other,Part-time,"£34,069 - £46,940",https://teaching-vacancies.service.gov.uk/jobs?location=Nottinghamshire&page=1,,2026-09-28,https://teaching-vacancies.service.gov.uk/jobs?location=Nottinghamshire&page=1,
Edgewood Primary School,Education,Level 3 Teaching Assistant,Education & Training,"Edgewood Primary School, Hucknall, NG15 6HX",Ashfield,2026-09-28,,Other,Not stated,,https://nottinghamshire.tal.net/vx/lang-en-GB/mobile-0/appcentre-ext/brand-8/candidate/jobboard/vacancy/1/adv/,,2026-09-28,https://nottinghamshire.tal.net/vx/lang-en-GB/mobile-0/appcentre-ext/brand-8/candidate/jobboard/vacancy/1/adv/,
Endeavour Academy,Education,Design & Technology - Lead Teacher,Education & Training,"Endeavour Academy, Daybrook, NG5 6AT",Gedling,2026-10-02,,Other,Not stated,,https://nottinghamshire.tal.net/vx/lang-en-GB/mobile-0/appcentre-ext/brand-8/candidate/jobboard/vacancy/1/adv/,,2026-09-28,https://nottinghamshire.tal.net/vx/lang-en-GB/mobile-0/appcentre-ext/brand-8/candidate/jobboard/vacancy/1/adv/,
Fountaindale School,Education,Teaching Assistant,Education & Training,"Fountaindale School, Mansfield, NG18 5BA",Mansfield,2026-09-29,,Other,Not stated,,https://nottinghamshire.tal.net/vx/lang-en-GB/mobile-0/appcentre-ext/brand-8/candidate/jobboard/vacancy/1/adv/,,2026-09-28,https://nottinghamshire.tal.net/vx/lang-en-GB/mobile-0/appcentre-ext/brand-8/candidate/jobboard/vacancy/1/adv/,
Gedling Borough Council,Council,Revenues Services Officer,Finance & Procurement,Gedling Borough,Gedling,2026-10-11,23:59,Other,Full-time,"£26,847 - £27,709 per annum",https://apps.gedling.gov.uk/jobs/,,2026-09-28,https://apps.gedling.gov.uk/jobs/,
Gedling Borough Council,Council,Senior Revenues Officer,Finance & Procurement,Gedling Borough,Gedling,2026-10-11,23:59,Other,Full-time,"£29,071 - £30,515 per annum",https://apps.gedling.gov.uk/jobs/,,2026-09-28,https://apps.gedling.gov.uk/jobs/,
Gedling Borough Council,Council,Senior Welfare Services Officer (x2),Customer Service,Gedling Borough,Gedling,2026-10-11,23:59,Other,Full-time,"£29,071 - £30,515 per annum",https://apps.gedling.gov.uk/jobs/,,2026-09-28,https://apps.gedling.gov.uk/jobs/,
Glenbrook Spencer Academy,Education,Play leader,Children & Young People,"Nottingham, Nottinghamshire, NG8 4PD",Nottingham,2026-10-09,23:59,Other,Full-time,"£5,944.21 annually (actual), NJC03",https://teaching-vacancies.service.gov.uk/jobs?location=nottinghamshire&page=16,,2026-09-28,https://teaching-vacancies.service.gov.uk/jobs?location=nottinghamshire&page=16,
Glenbrook Spencer Academy,Education,Class Teacher - Maternity Cover,Education & Training,"Nottingham, Nottinghamshire, NG8 4PD",Nottingham,2026-10-30,23:59,Fixed-term,Part-time,"£19,749 - £30,628 annually (actual), MPS/UPS - 0.6 FTE",https://teaching-vacancies.service.gov.uk/jobs?location=nottinghamshire&page=16,,2026-09-28,https://teaching-vacancies.service.gov.uk/jobs?location=nottinghamshire&page=16,
Jubilee L.E.A.D. Academy,Education,SEN Teaching Assistant Level 1,Education & Training,"Nottingham, Nottinghamshire, NG8 3AF",Nottingham,2026-10-06,13:00,Other,Part-time,"£22,195 FTE",https://teaching-vacancies.service.gov.uk/jobs?location=nottinghamshire&page=16,,2026-09-28,https://teaching-vacancies.service.gov.uk/jobs?location=nottinghamshire&page=16,
Nettleworth Infant and Nursery School,Education,Early Years Foundation Stage Lead Teacher,Education & Training,"Mansfield, Nottinghamshire, NG19 8LD",Mansfield,2026-09-29,12:00,Other,Full-time,Main Pay Range,https://teaching-vacancies.service.gov.uk/jobs?location=Nottinghamshire&page=2,,2026-09-28,https://teaching-vacancies.service.gov.uk/jobs?location=Nottinghamshire&page=2,
Nottingham City Council,Council,Business Service Assistant NCCHS,Administration & Business Support,"Harvey Road, Nottingham",Nottingham,2026-10-04,23:59,Permanent,Full-time,Grade C,https://eism.fa.em2.oraclecloud.com/hcmUI/CandidateExperience/en/sites/ncc/,,2026-09-28,https://eism.fa.em2.oraclecloud.com/hcmUI/CandidateExperience/en/sites/ncc/,
Nottingham City Council,Council,Operational Resource Planner NCCHS,Administration & Business Support,"Harvey Road, Nottingham",Nottingham,2026-10-04,23:59,Permanent,Full-time,Grade D,https://eism.fa.em2.oraclecloud.com/hcmUI/CandidateExperience/en/sites/ncc/,,2026-09-28,https://eism.fa.em2.oraclecloud.com/hcmUI/CandidateExperience/en/sites/ncc/,
Nottingham City Council,Council,Quantity Surveyor NCCHS,"Property, Facilities & Operations","Harvey Road, Nottingham",Nottingham,2026-10-07,23:59,Permanent,Full-time,"Grade I £47,665 - £50,908 per annum",https://eism.fa.em2.oraclecloud.com/hcmUI/CandidateExperience/en/sites/ncc/,,2026-09-28,https://eism.fa.em2.oraclecloud.com/hcmUI/CandidateExperience/en/sites/ncc/,
Nottingham College,Education,Apprentice Recruitment Assistant,HR & People,Nottingham,Nottingham,2026-09-28,23:59,Permanent,Full-time,"£24,840 - £25,230",https://www.nottinghamcollege.ac.uk/about-us/working-for-us/current-vacancies/apprentice-recruitment-assistant-530,NottmCollege/TP/1223/530,2026-09-28,https://www.nottinghamcollege.ac.uk/about-us/working-for-us/current-vacancies/apprentice-recruitment-assistant-530,
Nottingham College,Education,Curriculum Manager - Art and Design (maternity cover),Management & Leadership,Nottingham,Nottingham,2026-09-28,23:59,Fixed-term,Full-time,"£45,383 - £47,676",https://www.nottinghamcollege.ac.uk/about-us/working-for-us/current-vacancies/curriculum-manager-art-and-design-maternity-cover-548,NottmCollege/TP/1223/548,2026-09-28,https://www.nottinghamcollege.ac.uk/about-us/working-for-us/current-vacancies/curriculum-manager-art-and-design-maternity-cover-548,
Nottingham College,Education,Lecturer in Uniformed Services,Education & Training,Nottingham,Nottingham,2026-09-28,23:59,Permanent,Part-time,"£33,742 - £42,182 FTE; actual £13,496 - £16,872",https://www.nottinghamcollege.ac.uk/about-us/working-for-us/current-vacancies/lecturer-in-uniformed-services-524,NottmCollege/TP/1223/524,2026-09-28,https://www.nottinghamcollege.ac.uk/about-us/working-for-us/current-vacancies/lecturer-in-uniformed-services-524,
Nottingham College,Education,Schools Liaison Officer,Community & Outreach,Nottingham,Nottingham,2026-09-30,23:59,Permanent,Full-time,"£30,860 - £35,282",https://www.nottinghamcollege.ac.uk/about-us/working-for-us/current-vacancies/schools-liaison-officer-542,NottmCollege/TP/1223/542,2026-09-28,https://www.nottinghamcollege.ac.uk/about-us/working-for-us/current-vacancies/schools-liaison-officer-542,
Nottingham College,Education,Variable Hours Lecturer in Performing Arts,Education & Training,Nottingham,Nottingham,2026-09-30,23:59,Temporary,Variable/Sessional,£17.19 - £23.02 per hour plus 40% top up,https://www.nottinghamcollege.ac.uk/about-us/working-for-us/current-vacancies/variable-hours-lecturer-in-performing-arts-546,NottmCollege/TP/1223/546,2026-09-28,https://www.nottinghamcollege.ac.uk/about-us/working-for-us/current-vacancies/variable-hours-lecturer-in-performing-arts-546,
Nottingham College,Education,Work Experience Coordinator,Education & Training,Nottingham,Nottingham,2026-09-30,23:59,Other,Full-time,"£27,802 - £30,696",https://www.nottinghamcollege.ac.uk/about-us/working-for-us/current-vacancies/work-experience-coordinator-539,NottmCollege/TP/1223/539,2026-09-28,https://www.nottinghamcollege.ac.uk/about-us/working-for-us/current-vacancies/work-experience-coordinator-539,
Nottingham College,Education,Assistant People & Development Business Partner,HR & People,"Nottingham One, 120 Canal Street, Nottingham, NG1 7HG",Nottingham,2026-10-11,,Permanent,Full-time,"£30,860 - £35,282",https://www.nottinghamcollege.ac.uk/about-us/working-for-us/current-vacancies/assistant-people-development-business-partner-557,NottmCollege/TP/10086/557,2026-09-28,https://www.nottinghamcollege.ac.uk/about-us/working-for-us/current-vacancies/assistant-people-development-business-partner-557,"Support managers and colleagues across People Services and Learning & Development, providing advice on people matters and helping deliver training, wellbeing and engagement activity. The role also coordinates development programmes, maintains learning systems, analyses workforce data and contributes to projects that improve the employee experience."
Nottingham Trent University,Education,Technical Specialist: Immersive Media & Technology,IT & Digital,"City Campus, Nottingham",Nottingham,2026-09-28,,Permanent,Full-time,"Grade G £33,739 - £38,825 per annum pro rata",https://vacancies.ntu.ac.uk/Job/JobDetail?JobId=2429&Source=JobtrainGoogle,552396,2026-09-28,https://vacancies.ntu.ac.uk/Job/JobDetail?JobId=2429&Source=JobtrainGoogle,"Support creative teaching and practice using immersive-media technologies including virtual production, extended reality, 3D software, motion capture, projection mapping and volumetric capture. The role provides specialist technical expertise and practical support for students and staff working with these facilities at NTU's City Campus."
Nottingham University Hospitals NHS Trust,NHS,Consultant Maxillofacial Surgeon,Health & Clinical,"Queen's Medical Centre, Nottingham",Nottingham,2026-09-29,23:59,Permanent,Full-time,"£109,725 - £145,478 per annum",https://www.healthjobsuk.com/job/UK/Nottinghamshire/Nottingham/Nottingham_University_Hospitals_NHS_Trust/Oral_Maxillofacial/Oral_Maxillofacial-v8195942,164-8195942,2026-09-28,https://www.healthjobsuk.com/job/UK/Nottinghamshire/Nottingham/Nottingham_University_Hospitals_NHS_Trust/Oral_Maxillofacial/Oral_Maxillofacial-v8195942,"Join the regional oral and maxillofacial surgery service as a substantive consultant, contributing to specialist clinics, surgery and multidisciplinary care. The role supports an expanding service based at Queen's Medical Centre and works with the wider clinical team to deliver patient care and service development."
Nottingham University Hospitals NHS Trust,NHS,Accounts Receivable Manager,Finance & Procurement,"Trust HQ, Nottingham",Nottingham,2026-10-04,23:59,Permanent,Full-time,"£32,073 - £39,043 per annum",https://www.healthjobsuk.com/job/UK/Nottinghamshire/Nottingham/Nottingham_University_Hospitals_NHS_Trust/Finance/Finance-v8188965?set-locale=en-gb,164-8188965,2026-09-28,https://www.healthjobsuk.com/job/UK/Nottinghamshire/Nottingham/Nottingham_University_Hospitals_NHS_Trust/Finance/Finance-v8188965?set-locale=en-gb,"Manage the Trust's core accounts-receivable activity, including invoicing and debt recovery, and administer external debt-recovery and shared-business services. The role ensures money owed to the Trust is identified, invoiced and pursued effectively, with some home working available alongside regular on-site work."
Nottingham University Hospitals NHS Trust,NHS,Employee Relations Advisor,HR & People,"City Hospital, Nottingham",Nottingham,2026-10-05,23:59,Fixed-term,Full-time,"£32,073 - £39,043 per annum",https://www.healthjobsuk.com/job/UK/Nottinghamshire/Nottingham/Nottingham_University_Hospitals_NHS_Trust/Human_Resources/Human_Resources-v8261208,164-8261208,2026-09-28,https://www.healthjobsuk.com/job/UK/Nottinghamshire/Nottingham/Nottingham_University_Hospitals_NHS_Trust/Human_Resources/Human_Resources-v8261208,"Support managers and staff with employee-relations casework and HR advice across the Trust. The fixed-term post contributes to fair and consistent application of people policies, helping managers address workplace issues while maintaining accurate, timely case management."
Nottingham University Hospitals NHS Trust,NHS,Critical Care Staff Nurse,Health & Clinical,"Cross site, Nottingham",Nottingham,2026-10-08,23:59,Permanent,Full-time or Part-time,"£32,073 - £39,043 per annum pro rata",https://www.healthjobsuk.com/job/UK/Nottinghamshire/Nottingham/Nottingham_University_Hospitals_NHS_Trust/Critical_Care/Critical_Care-v8096191,164-8096191,2026-09-28,https://www.healthjobsuk.com/job/UK/Nottinghamshire/Nottingham/Nottingham_University_Hospitals_NHS_Trust/Critical_Care/Critical_Care-v8096191,"Deliver nursing care to critically ill patients across Nottingham University Hospitals' critical-care services, working within a multidisciplinary team and developing specialist critical-care skills. The role involves assessment, planning and delivery of safe patient-centred care across the Trust's hospital sites."
Nottingham University Hospitals NHS Trust,NHS,Listening and Communication Specialist - Speech and Language Therapist,Health & Clinical,"Ropewalk House, Nottingham",Nottingham,2026-10-09,23:59,Permanent,Full-time or Part-time,"£49,387 - £56,515 per annum",https://www.healthjobsuk.com/job/UK/Nottinghamshire/Nottingham/Nottingham_University_Hospitals_NHS_Trust/Listening_Communication_Specialist_Hearing_Impairment_Speech_Language_Therapist/Listening_Communication_Specialist_Hearing_Impairment_Speech_Language_Therapist-v8150102,164-8150102,2026-09-28,https://www.healthjobsuk.com/job/UK/Nottinghamshire/Nottingham/Nottingham_University_Hospitals_NHS_Trust/Listening_Communication_Specialist_Hearing_Impairment_Speech_Language_Therapist/Listening_Communication_Specialist_Hearing_Impairment_Speech_Language_Therapist-v8150102,"Provide specialist speech and language therapy for deaf children, including assessment, intervention and cochlear-implant follow-up, while also contributing to adult clinical work. The post manages a specialist caseload and works with patients, families and multidisciplinary colleagues across the hearing service."
Nottinghamshire County Council,Council,Occupational Therapist,Health & Clinical,"Welbeck House, Sherwood Energy Village, Ollerton, NG22 9FF",Newark & Sherwood,2026-09-28,,Other,Not stated,,https://nottinghamshire.tal.net/vx/lang-en-GB/mobile-0/appcentre-ext/brand-8/candidate/jobboard/vacancy/1/adv/,,2026-09-28,https://nottinghamshire.tal.net/vx/lang-en-GB/mobile-0/appcentre-ext/brand-8/candidate/jobboard/vacancy/1/adv/,
Nottinghamshire County Council,Council,Team Manager Children with Disabilities Team,Management & Leadership,"Meadow House, Mansfield, NG18 2TB",Mansfield,2026-09-28,,Other,Not stated,,https://nottinghamshire.tal.net/vx/lang-en-GB/mobile-0/appcentre-ext/brand-8/candidate/jobboard/vacancy/1/adv/,,2026-09-28,https://nottinghamshire.tal.net/vx/lang-en-GB/mobile-0/appcentre-ext/brand-8/candidate/jobboard/vacancy/1/adv/,
Nottinghamshire County Council,Council,Appointee Officer,Other,"Trent Bridge House, West Bridgford, NG2 6BJ",Rushcliffe,2026-09-29,,Other,Not stated,,https://nottinghamshire.tal.net/vx/lang-en-GB/mobile-0/appcentre-ext/brand-8/candidate/jobboard/vacancy/1/adv/,,2026-09-28,https://nottinghamshire.tal.net/vx/lang-en-GB/mobile-0/appcentre-ext/brand-8/candidate/jobboard/vacancy/1/adv/,
Nottinghamshire County Council,Council,Team Leader,Management & Leadership,"Holles Street Short Breaks, Worksop, S80 2LJ",Bassetlaw,2026-09-29,,Other,Not stated,,https://nottinghamshire.tal.net/vx/lang-en-GB/mobile-0/appcentre-ext/brand-8/candidate/jobboard/vacancy/1/adv/,,2026-09-28,https://nottinghamshire.tal.net/vx/lang-en-GB/mobile-0/appcentre-ext/brand-8/candidate/jobboard/vacancy/1/adv/,
Nottinghamshire County Council,Council,Business Support Administrator,Administration & Business Support,"Meadow House, Mansfield",Mansfield,2026-09-30,,Other,Not stated,,https://nottinghamshire.tal.net/vx/lang-en-GB/mobile-0/appcentre-ext/brand-8/candidate/jobboard/vacancy/1/adv/,,2026-09-28,https://nottinghamshire.tal.net/vx/lang-en-GB/mobile-0/appcentre-ext/brand-8/candidate/jobboard/vacancy/1/adv/,
Nottinghamshire County Council,Council,Business Support Administrator,Administration & Business Support,"Gedling Family Hub Network, multiple sites",Gedling,2026-10-04,,Other,Not stated,,https://nottinghamshire.tal.net/vx/lang-en-GB/mobile-0/appcentre-ext/brand-8/candidate/jobboard/vacancy/1/adv/,,2026-09-28,https://nottinghamshire.tal.net/vx/lang-en-GB/mobile-0/appcentre-ext/brand-8/candidate/jobboard/vacancy/1/adv/,
Nottinghamshire County Council,Council,Educational Audiologist / Teacher of the Deaf,Education & Training,"Home Brewery Building, Arnold, NG5 6DA",Gedling,2026-10-04,,Other,Not stated,,https://nottinghamshire.tal.net/vx/lang-en-GB/mobile-0/appcentre-ext/brand-8/candidate/jobboard/vacancy/1/adv/,,2026-09-28,https://nottinghamshire.tal.net/vx/lang-en-GB/mobile-0/appcentre-ext/brand-8/candidate/jobboard/vacancy/1/adv/,
Nottinghamshire County Council,Council,Senior Public Health and Communities Manager,Management & Leadership,"County Hall, West Bridgford, NG2 7QP",Rushcliffe,2026-10-04,,Other,Not stated,,https://nottinghamshire.tal.net/vx/lang-en-GB/mobile-0/appcentre-ext/brand-8/candidate/jobboard/vacancy/1/adv/,,2026-09-28,https://nottinghamshire.tal.net/vx/lang-en-GB/mobile-0/appcentre-ext/brand-8/candidate/jobboard/vacancy/1/adv/,
Nottinghamshire County Council,Council,Advanced Social Work Practitioner,Care & Support,"Middle Street Resource Centre, Beeston, NG9 2AR",Broxtowe,2026-10-08,,Other,Not stated,,https://nottinghamshire.tal.net/vx/lang-en-GB/mobile-0/appcentre-ext/brand-8/candidate/jobboard/vacancy/1/adv/,,2026-09-28,https://nottinghamshire.tal.net/vx/lang-en-GB/mobile-0/appcentre-ext/brand-8/candidate/jobboard/vacancy/1/adv/,
Nottinghamshire County Council,Council,Social Worker,Care & Support,"Meadow House, Mansfield",Mansfield,2026-10-12,,Other,Not stated,,https://nottinghamshire.tal.net/vx/lang-en-GB/mobile-0/appcentre-ext/brand-8/candidate/jobboard/vacancy/1/adv/,,2026-09-28,https://nottinghamshire.tal.net/vx/lang-en-GB/mobile-0/appcentre-ext/brand-8/candidate/jobboard/vacancy/1/adv/,
Nottinghamshire Healthcare NHS Foundation Trust,NHS,Community Phlebotomist - Nottingham North & East (NNE),Health & Clinical,"Park House Health Centre, Nottingham",Nottingham,2026-09-29,23:59,Permanent,Full-time or Part-time,"£25,272 per annum pro rata",https://www.healthjobsuk.com/job/UK/Nottinghamshire/Nottingham/Nottinghamshire_Healthcare_NHS_Foundation_Trust/Community_Phlebotomy/Community_Phlebotomy-v8260989,186-831-26-GH,2026-09-28,https://www.healthjobsuk.com/job/UK/Nottinghamshire/Nottingham/Nottinghamshire_Healthcare_NHS_Foundation_Trust/Community_Phlebotomy/Community_Phlebotomy-v8260989,"Provide community phlebotomy services through clinic sessions and home visits in Nottingham North and East. The role involves taking blood samples safely, supporting patients in community settings and working with colleagues to deliver an accessible local service."
Nottinghamshire Healthcare NHS Foundation Trust,NHS,Mental Health and Wellbeing Practitioner,Health & Clinical,"Bassetlaw LMHT, Worksop",Bassetlaw,2026-09-30,23:59,Permanent,Full-time,"£32,073 - £39,043 per annum",https://www.healthjobsuk.com/job/UK/Nottinghamshire/Worksop/Nottinghamshire_Healthcare_NHS_Foundation_Trust/Mental_Health_Wellbeing_Practitioner/Mental_Health_Wellbeing_Practitioner-v8180125,186-800-26-MH,2026-09-28,https://www.healthjobsuk.com/job/UK/Nottinghamshire/Worksop/Nottinghamshire_Healthcare_NHS_Foundation_Trust/Mental_Health_Wellbeing_Practitioner/Mental_Health_Wellbeing_Practitioner-v8180125,"Work within the Bassetlaw Local Mental Health Team to provide structured mental-health and wellbeing interventions as part of multidisciplinary care. The role supports adults using community mental-health services, contributing to assessment, recovery planning and evidence-based support."
Nottinghamshire Healthcare NHS Foundation Trust,NHS,Occupational Therapist,Health & Clinical,"Hopewood, Nottingham",Nottingham,2026-09-30,23:59,Permanent,Part-time,"£39,959 - £48,117 per annum pro rata",https://www.healthjobsuk.com/job/UK/Nottinghamshire/Nottingham/Nottinghamshire_Healthcare_NHS_Foundation_Trust/Occupational_Therapist/Occupational_Therapist-v8128509,,2026-09-28,https://www.healthjobsuk.com/job/UK/Nottinghamshire/Nottingham/Nottinghamshire_Healthcare_NHS_Foundation_Trust/Occupational_Therapist/Occupational_Therapist-v8128509,"Provide occupational-therapy assessment and intervention within the Hopewood service, working with patients and the multidisciplinary team to support recovery and day-to-day functioning. The permanent part-time role contributes specialist occupational-therapy input to care planning and service delivery."
Nottinghamshire Healthcare NHS Foundation Trust,NHS,Carer and Patient Experience Worker,Community & Outreach,"Rampton Hospital, Nr Retford",Bassetlaw,2026-10-04,23:59,Permanent,Full-time or Part-time,"£25,760 - £27,476 per annum pro rata + £4,013 High Secure Allowance",https://www.healthjobsuk.com/job/UK/Nottinghamshire/Nr_Retford/Nottinghamshire_Healthcare_NHS_Foundation_Trust/Carer_Patient_Experience/Carer_Patient_Experience-v8260074,186-809-26-FS,2026-09-28,https://www.healthjobsuk.com/job/UK/Nottinghamshire/Nr_Retford/Nottinghamshire_Healthcare_NHS_Foundation_Trust/Carer_Patient_Experience/Carer_Patient_Experience-v8260074,"Support carer and patient involvement and experience work at Rampton Hospital, helping people contribute to how services are delivered and improved. The role works on a rota that can include weekends and some evenings and can be filled full-time or as a job share."
Nottinghamshire Healthcare NHS Foundation Trust,NHS,Liaison & Diversion Team Manager,Management & Leadership,"Westminster House, Nottingham",Nottingham,2026-10-04,23:59,Permanent,Full-time,"£49,387 - £56,515 per annum pro rata",https://www.healthjobsuk.com/job/UK/Nottinghamshire/Nottingham/Nottinghamshire_Healthcare_NHS_Foundation_Trust/NursingAHPRNLDOT/NursingAHPRNLDOT-v8305312,186-711-26-FS-A,2026-09-28,https://www.healthjobsuk.com/job/UK/Nottinghamshire/Nottingham/Nottinghamshire_Healthcare_NHS_Foundation_Trust/NursingAHPRNLDOT/NursingAHPRNLDOT-v8305312,"Lead and develop Nottinghamshire's Liaison and Diversion service, a community multidisciplinary team supporting vulnerable people through the criminal-justice pathway. The post manages service delivery, staff and development while overseeing assessment, information sharing, referral and support up to sentencing or diversion."
Nottinghamshire Healthcare NHS Foundation Trust,NHS,Senior Occupational Therapist,Health & Clinical,"Broxtowe and Hucknall LMHT, Nottinghamshire",Multiple Nottinghamshire locations,2026-10-04,23:59,Fixed-term,Part-time,"£39,959 - £48,117 per annum pro rata",https://www.healthjobsuk.com/job/UK/Nottinghamshire/Nottingham/Nottinghamshire_Healthcare_NHS_Foundation_Trust/Occupational_Therapy/Occupational_Therapy-v8305471,186-687-26-GH-A,2026-09-28,https://www.healthjobsuk.com/job/UK/Nottinghamshire/Nottingham/Nottinghamshire_Healthcare_NHS_Foundation_Trust/Occupational_Therapy/Occupational_Therapy-v8305471,"Provide senior occupational-therapy input to the Local Mental Health Team covering Broxtowe and Hucknall. The nine-month maternity-cover post is part-time and supports adults with mental-health needs through specialist assessment, intervention and multidisciplinary community care."
Nottinghamshire Healthcare NHS Foundation Trust,NHS,Specialist Speech & Language Therapist,Health & Clinical,"CDC, Nottingham",Nottingham,2026-10-04,23:59,Permanent,Part-time,"£39,959 - £48,117 per annum pro rata",https://www.healthjobsuk.com/job/UK/Nottinghamshire/Nottingham/Nottinghamshire_Healthcare_NHS_Foundation_Trust/Specialist_Speech_Language_Therapist_Childrens_SLT/Specialist_Speech_Language_Therapist_Childrens_SLT-v8240726,186-814-26-MH,2026-09-28,https://www.healthjobsuk.com/job/UK/Nottinghamshire/Nottingham/Nottinghamshire_Healthcare_NHS_Foundation_Trust/Specialist_Speech_Language_Therapist_Childrens_SLT/Specialist_Speech_Language_Therapist_Childrens_SLT-v8240726,"Work in the children's Complex Needs Team, providing specialist speech and language therapy for children with communication and eating or drinking needs. The role delivers assessment and intervention across Nottingham City and County and works closely with families, education and health colleagues."
Raleigh Education Trust,Education,HLTA (TAL4),Education & Training,"Nottingham, NG8 5PN",Nottingham,2026-10-05,00:00,Other,Full-time,"£33,672 - £36,581",https://teaching-vacancies.service.gov.uk/jobs?location=nottinghamshire&page=14,,2026-09-28,https://teaching-vacancies.service.gov.uk/jobs?location=nottinghamshire&page=14,
Raleigh Education Trust,Education,Class Teacher,Education & Training,"Nottingham, NG8 5PN",Nottingham,2026-10-06,23:59,Other,Full-time,M1 - M6 + SEN,https://teaching-vacancies.service.gov.uk/jobs?location=nottinghamshire&page=14,,2026-09-28,https://teaching-vacancies.service.gov.uk/jobs?location=nottinghamshire&page=14,
Raleigh Education Trust,Education,Level 2 Teaching Assistant (3 positions available),Education & Training,"Nottingham, NG8 5PN",Nottingham,2026-10-07,23:59,Other,Full-time,"GLPC D, Point 6 - 11",https://teaching-vacancies.service.gov.uk/jobs?location=nottinghamshire&page=14,,2026-09-28,https://teaching-vacancies.service.gov.uk/jobs?location=nottinghamshire&page=14,
Rushcliffe Borough Council,Council,Housing Options Advisor (Homelessness Prevention and Housing Solutions),Housing & Homelessness,Rushcliffe,Rushcliffe,2026-10-04,00:00,Other,Not stated,"£34,026 - £36,087 per annum plus standby payments",https://www.rushcliffe.gov.uk/jobs/,,2026-09-28,https://www.rushcliffe.gov.uk/jobs/,
Rushcliffe Borough Council,Council,Medical Waste Driver,Transport & Driving,Rushcliffe,Rushcliffe,2026-10-04,,Permanent,Full-time,"£29,505 per annum",https://www.rushcliffe.gov.uk/about-us/working-for-rbc/jobs/medical-waste-driver-sept-2026/,,2026-09-28,https://www.rushcliffe.gov.uk/about-us/working-for-rbc/jobs/medical-waste-driver-sept-2026/,"Collect medical waste and deliver or replace bins across Rushcliffe and Gedling, driving a 7.5-tonne vehicle and providing customer service to residents and businesses. The role works mainly Monday to Friday and requires a C1 licence plus Driver CPC qualification."
Rushcliffe Borough Council,Council,Solicitor,Legal & Governance,Rushcliffe,Rushcliffe,2026-10-04,00:00,Permanent,Full-time,"£41,784 - £48,150 per annum",https://www.rushcliffe.gov.uk/about-us/working-for-rbc/jobs/solicitor-september-2026/,,2026-09-28,https://www.rushcliffe.gov.uk/about-us/working-for-rbc/jobs/solicitor-september-2026/,
Rushcliffe Borough Council,Council,Technical Officer (Environmental Protection & Housing),"Planning, Environment & Regulatory",Rushcliffe,Rushcliffe,2026-10-04,,Permanent,Full-time,"£28,512 - £36,087 per annum",https://www.rushcliffe.gov.uk/about-us/working-for-rbc/jobs/technical-officer-september-2026/,,2026-09-28,https://www.rushcliffe.gov.uk/about-us/working-for-rbc/jobs/technical-officer-september-2026/,
Rushcliffe Borough Council,Council,Recycling Support Officer,"Planning, Environment & Regulatory",Rushcliffe,Rushcliffe,2026-10-05,00:00,Other,Not stated,"£28,512 - £30,144 per annum",https://www.rushcliffe.gov.uk/jobs/,,2026-09-28,https://www.rushcliffe.gov.uk/jobs/,
Rushcliffe Borough Council,Council,Refuse Driver/Crew Leader,Transport & Driving,Rushcliffe,Rushcliffe,2026-10-06,00:00,Permanent,Full-time,"£32,748 per annum",https://www.rushcliffe.gov.uk/about-us/working-for-rbc/jobs/refuse-drivercrew-leader-september-2026/,,2026-09-28,https://www.rushcliffe.gov.uk/about-us/working-for-rbc/jobs/refuse-drivercrew-leader-september-2026/,"Drive a Class 2 refuse vehicle and lead the collection crew, ensuring safe, high-quality domestic waste and recycling collections. The post also supports other waste duties such as bulky-item, glass and septic-tank collections and requires a Category C/Class 2 licence plus Driver CPC."
Samuel Barlow Primary Academy,Education,Teacher,Education & Training,"Mansfield, Nottinghamshire, NG21 9DF",Mansfield,2026-09-30,23:59,Other,Full-time,"£36,041 - £46,937 annually (actual) plus SEN allowance",https://teaching-vacancies.service.gov.uk/jobs?location=Nottinghamshire&page=1,,2026-09-28,https://teaching-vacancies.service.gov.uk/jobs?location=Nottinghamshire&page=1,
Sherwood Forest Hospitals NHS Foundation Trust,NHS,Team Co-ordinator - Critical Care Unit,Health & Clinical,"King's Mill Hospital, Sutton in Ashfield",Ashfield,2026-09-29,23:59,Permanent,Full-time,"£39,959 - £48,117 per annum",https://www.healthjobsuk.com/job/UK/Nottinghamshire/Sutton_Ashfield/Sherwood_Forest_Hospitals_NHS_Foundation_Trust/Intensive_Care/Intensive_Care-v8260415,214-SRG-8260415,2026-09-28,https://www.healthjobsuk.com/job/UK/Nottinghamshire/Sutton_Ashfield/Sherwood_Forest_Hospitals_NHS_Foundation_Trust/Intensive_Care/Intensive_Care-v8260415,"Coordinate clinical activity within the Critical Care Unit at King's Mill Hospital, supporting safe patient care and the effective running of the service. The role combines experienced critical-care practice with day-to-day coordination and leadership within the multidisciplinary team."
Sherwood Forest Hospitals NHS Foundation Trust,NHS,Registered Nurse - NICU,Health & Clinical,"King's Mill Hospital, Sutton in Ashfield",Ashfield,2026-10-04,23:59,Permanent,Full-time,"£32,073 - £39,043 per annum",https://www.healthjobsuk.com/job/UK/Nottinghamshire/Sutton_Ashfield/Sherwood_Forest_Hospitals_NHS_Foundation_Trust/Neonatal_unit/Neonatal_unit-v8073529,214-W&C-8073529,2026-09-28,https://www.healthjobsuk.com/job/UK/Nottinghamshire/Sutton_Ashfield/Sherwood_Forest_Hospitals_NHS_Foundation_Trust/Neonatal_unit/Neonatal_unit-v8073529,"Provide registered nursing care within the neonatal unit at King's Mill Hospital, working with babies, families and the multidisciplinary team. The permanent full-time post supports safe, compassionate neonatal care and ongoing professional development within the Women's and Children's service."
St Edmund's CofE Primary and Nursery School,Education,KS2 Teacher,Education & Training,"Mansfield Woodhouse, Nottinghamshire, NG19 9JU",Mansfield,2026-10-05,23:59,Other,Part-time,"M1-M6 £34,069 - £46,940",https://teaching-vacancies.service.gov.uk/jobs?location=Nottinghamshire&page=2,,2026-09-28,https://teaching-vacancies.service.gov.uk/jobs?location=Nottinghamshire&page=2,
The Dukeries Academy,Education,Teacher of Computing,Education & Training,"Newark, Nottinghamshire, NG22 9TD",Newark & Sherwood,2026-09-30,09:00,Other,Full-time or Part-time,"£32,916 - £45,352 annually (actual)",https://teaching-vacancies.service.gov.uk/jobs?location=Nottinghamshire&page=1,,2026-09-28,https://teaching-vacancies.service.gov.uk/jobs?location=Nottinghamshire&page=1,
The Florence Nightingale Academy,Education,Midday Supervisors,Children & Young People,"Nottingham, Nottinghamshire, NG16 3HB",Broxtowe,2026-10-16,09:00,Other,Part-time,"£6,404.89 annually (actual); supply £13.28 an hour",https://teaching-vacancies.service.gov.uk/jobs?location=nottinghamshire&page=16,,2026-09-28,https://teaching-vacancies.service.gov.uk/jobs?location=nottinghamshire&page=16,
The Parkgate Academy,Education,Teaching Assistant,Education & Training,"Newark, Nottinghamshire, NG22 9TH",Newark & Sherwood,2026-09-30,12:00,Other,Full-time,"NJE Grade 2, points 2-4",https://teaching-vacancies.service.gov.uk/jobs?location=Nottinghamshire&page=1,,2026-09-28,https://teaching-vacancies.service.gov.uk/jobs?location=Nottinghamshire&page=1,
Thoresby Vale Primary Academy,Education,Teacher,Education & Training,"Mansfield, Nottinghamshire, NG21 9TA",Mansfield,2026-10-05,23:59,Other,Full-time,"£36,041 - £46,937 annually (actual)",https://teaching-vacancies.service.gov.uk/jobs?location=Nottinghamshire&page=1,,2026-09-28,https://teaching-vacancies.service.gov.uk/jobs?location=Nottinghamshire&page=1,
Underwood Church of England Primary School,Education,SEN Midday Supervisor,Children & Young People,"Underwood, NG16 5GN",Ashfield,2026-10-01,,Other,Not stated,,https://nottinghamshire.tal.net/vx/lang-en-GB/mobile-0/appcentre-ext/brand-8/candidate/jobboard/vacancy/1/adv/,,2026-09-28,https://nottinghamshire.tal.net/vx/lang-en-GB/mobile-0/appcentre-ext/brand-8/candidate/jobboard/vacancy/1/adv/,
University of Nottingham,Education,"Teaching Associate - French (Fixed Term, Part Time)",Education & Training,"University Park, Nottingham",Nottingham,2026-09-28,,Fixed-term,Part-time,"£35,608 to £47,389 per annum pro-rata",https://jobs.nottingham.ac.uk/vacancies.aspx?cat=-1,,2026-09-28,https://jobs.nottingham.ac.uk/vacancies.aspx?cat=-1,
University of Nottingham,Education,Assistant Finance Manager (Fixed Term),Finance & Procurement,"Jubilee Campus, Nottingham",Nottingham,2026-09-30,,Fixed-term,Not stated,"£35,608 to £47,389 per annum pro-rata",https://jobs.nottingham.ac.uk/vacancies.aspx?cat=-1,,2026-09-28,https://jobs.nottingham.ac.uk/vacancies.aspx?cat=-1,
University of Nottingham,Education,Research Associate / Fellow (Fixed term),Other,"University Park, Nottingham",Nottingham,2026-09-30,,Fixed-term,Not stated,"£32,080 to £35,608 per annum",https://jobs.nottingham.ac.uk/vacancies.aspx?cat=-1,,2026-09-28,https://jobs.nottingham.ac.uk/vacancies.aspx?cat=-1,
University of Nottingham,Education,Senior Early Years Practitioner,Children & Young People,"University Park, Nottingham",Nottingham,2026-09-30,,Other,Not stated,"£28,940 to £31,082 per annum pro-rata",https://jobs.nottingham.ac.uk/vacancies.aspx?cat=-1,,2026-09-28,https://jobs.nottingham.ac.uk/vacancies.aspx?cat=-1,
University of Nottingham,Education,Teaching Associate (Fixed Term),Education & Training,"University Park, Nottingham",Nottingham,2026-10-01,,Fixed-term,Not stated,"£35,608 to £47,389 per annum",https://jobs.nottingham.ac.uk/vacancies.aspx?cat=-1,,2026-09-28,https://jobs.nottingham.ac.uk/vacancies.aspx?cat=-1,
University of Nottingham,Education,Accommodation Officer,Housing & Homelessness,"University Park, Nottingham",Nottingham,2026-10-04,,Other,Not stated,"£29,740 to £36,446 per annum pro-rata",https://jobs.nottingham.ac.uk/vacancies.aspx?cat=-1,,2026-09-28,https://jobs.nottingham.ac.uk/vacancies.aspx?cat=-1,
University of Nottingham,Education,Sports Centre Receptionist (Part-Time),Customer Service,"University Park, Nottingham",Nottingham,2026-10-04,,Other,Part-time,"£25,353 to £26,379 per annum pro-rata",https://jobs.nottingham.ac.uk/vacancies.aspx?cat=-1,,2026-09-28,https://jobs.nottingham.ac.uk/vacancies.aspx?cat=-1,
University of Nottingham,Education,"Academic and Professional Tutor (APT) (Fixed Term, Part Time)",Education & Training,"University Park, Nottingham",Nottingham,2026-10-05,,Fixed-term,Part-time,"£59,966 to £67,468 per annum pro-rata",https://jobs.nottingham.ac.uk/vacancies.aspx?cat=-1,,2026-09-28,https://jobs.nottingham.ac.uk/vacancies.aspx?cat=-1,
University of Nottingham,Education,Fitness Instructor,"Leisure, Sport & Culture","University Park, Nottingham",Nottingham,2026-10-05,,Other,Not stated,"£26,908 to £28,890 per annum",https://jobs.nottingham.ac.uk/vacancies.aspx?cat=-1,,2026-09-28,https://jobs.nottingham.ac.uk/vacancies.aspx?cat=-1,
University of Nottingham,Education,Head of Pathway Partnerships (Part Time),Management & Leadership,"Jubilee Campus, Nottingham",Nottingham,2026-10-05,,Other,Part-time,"£46,049 to £58,225 per annum pro-rata",https://jobs.nottingham.ac.uk/vacancies.aspx?cat=-1,,2026-09-28,https://jobs.nottingham.ac.uk/vacancies.aspx?cat=-1,
University of Nottingham,Education,Occupational Health Operational Lead,Health & Clinical,"Jubilee Campus, Nottingham",Nottingham,2026-10-05,,Other,Not stated,"£35,608 to £47,389 per annum",https://jobs.nottingham.ac.uk/vacancies.aspx?cat=-1,,2026-09-28,https://jobs.nottingham.ac.uk/vacancies.aspx?cat=-1,
University of Nottingham,Education,Research Assistant (Fixed term),Other,"Jubilee Campus, Nottingham",Nottingham,2026-10-05,,Fixed-term,Not stated,"£32,080 to £35,608 per annum pro-rata",https://jobs.nottingham.ac.uk/vacancies.aspx?cat=-1,,2026-09-28,https://jobs.nottingham.ac.uk/vacancies.aspx?cat=-1,
University of Nottingham,Education,Research Assistant (Fixed term),Other,"University Park, Nottingham",Nottingham,2026-10-05,,Fixed-term,Not stated,"£32,080 to £35,608 per annum",https://jobs.nottingham.ac.uk/vacancies.aspx?cat=-1,,2026-09-28,https://jobs.nottingham.ac.uk/vacancies.aspx?cat=-1,
University of Nottingham,Education,Research Associate/Fellow in Continuous Production of Terpene Esters from Flower Waste (Fixed term),Other,"University Park, Nottingham",Nottingham,2026-10-05,,Fixed-term,Not stated,"£32,080 to £47,389 per annum",https://jobs.nottingham.ac.uk/vacancies.aspx?cat=-1,,2026-09-28,https://jobs.nottingham.ac.uk/vacancies.aspx?cat=-1,
University of Nottingham,Education,Research Fellow (Fixed Term),Other,"Jubilee Campus, Nottingham",Nottingham,2026-10-05,,Fixed-term,Not stated,"£35,608 to £47,389 per annum",https://jobs.nottingham.ac.uk/vacancies.aspx?cat=-1,,2026-09-28,https://jobs.nottingham.ac.uk/vacancies.aspx?cat=-1,
University of Nottingham,Education,Senior Mechanical Design Engineer (Fixed Term),Other,"Jubilee Campus, Nottingham",Nottingham,2026-10-05,,Fixed-term,Not stated,"£46,049 to £58,225 per annum",https://jobs.nottingham.ac.uk/vacancies.aspx?cat=-1,,2026-09-28,https://jobs.nottingham.ac.uk/vacancies.aspx?cat=-1,
University of Nottingham,Education,Research Assistant (Fixed Term),Other,"Jubilee Campus, Nottingham",Nottingham,2026-10-06,,Fixed-term,Not stated,"£32,080 to £35,608 per annum",https://jobs.nottingham.ac.uk/vacancies.aspx?cat=-1,,2026-09-28,https://jobs.nottingham.ac.uk/vacancies.aspx?cat=-1,
University of Nottingham,Education,Governance Manager,Legal & Governance,"University Park, Nottingham",Nottingham,2026-10-08,,Other,Not stated,"£35,608 to £47,389 per annum",https://jobs.nottingham.ac.uk/vacancies.aspx?cat=-1,,2026-09-28,https://jobs.nottingham.ac.uk/vacancies.aspx?cat=-1,
University of Nottingham,Education,Deputy Director of Development,Management & Leadership,"Jubilee Campus, Nottingham",Nottingham,2026-10-09,,Other,Not stated,"£59,966 to £73,686 per annum pro-rata",https://jobs.nottingham.ac.uk/vacancies.aspx?cat=-1,,2026-09-28,https://jobs.nottingham.ac.uk/vacancies.aspx?cat=-1,
University of Nottingham,Education,Associate Professor in Accounting and Undergraduate Accountancy Course Director,Education & Training,"Jubilee Campus, Nottingham",Nottingham,2026-10-11,,Other,Not stated,"£59,966 to £73,686 per annum pro-rata",https://jobs.nottingham.ac.uk/vacancies.aspx?cat=-1,,2026-09-28,https://jobs.nottingham.ac.uk/vacancies.aspx?cat=-1,
University of Nottingham,Education,Chief Data & AI Officer,IT & Digital,"Jubilee Campus, Nottingham",Nottingham,2026-10-11,,Other,Not stated,"£113,200 to £138,400 per annum",https://jobs.nottingham.ac.uk/vacancies.aspx?cat=-1,,2026-09-28,https://jobs.nottingham.ac.uk/vacancies.aspx?cat=-1,
University of Nottingham,Education,Research Associate / Fellow (Fixed Term),Other,"University Park, Nottingham",Nottingham,2026-10-11,,Fixed-term,Not stated,"£32,080 to £43,482 per annum",https://jobs.nottingham.ac.uk/vacancies.aspx?cat=-1,,2026-09-28,https://jobs.nottingham.ac.uk/vacancies.aspx?cat=-1,
University of Nottingham,Education,Research Associate / Fellow in Power Electronics (Fixed Term),Other,"Jubilee Campus, Nottingham",Nottingham,2026-10-11,,Fixed-term,Not stated,"£32,080 to £47,389 per annum",https://jobs.nottingham.ac.uk/vacancies.aspx?cat=-1,,2026-09-28,https://jobs.nottingham.ac.uk/vacancies.aspx?cat=-1,
University of Nottingham,Education,Senior Data Protection Adviser,Legal & Governance,"University Park, Nottingham",Nottingham,2026-10-11,,Other,Not stated,"£46,049 to £58,225 per annum pro-rata",https://jobs.nottingham.ac.uk/vacancies.aspx?cat=-1,,2026-09-28,https://jobs.nottingham.ac.uk/vacancies.aspx?cat=-1,
University of Nottingham,Education,"Teaching Associate in Ethnomusicology (Part Time, Fixed Term)",Education & Training,"University Park, Nottingham",Nottingham,2026-10-11,,Fixed-term,Part-time,"£35,608 to £39,906 per annum",https://jobs.nottingham.ac.uk/vacancies.aspx?cat=-1,,2026-09-28,https://jobs.nottingham.ac.uk/vacancies.aspx?cat=-1,
University of Nottingham,Education,Research Fellow in Wearable Technology for Pregnancy Monitoring (Fixed Term),Other,"University Park, Nottingham",Nottingham,2026-10-14,,Fixed-term,Not stated,"£35,608 to £47,389 per annum",https://jobs.nottingham.ac.uk/vacancies.aspx?cat=-1,,2026-09-28,https://jobs.nottingham.ac.uk/vacancies.aspx?cat=-1,
University of Nottingham,Education,Director of Service Delivery & Resilience,Management & Leadership,"Jubilee Campus, Nottingham",Nottingham,2026-10-16,,Other,Not stated,"£113,200 to £138,400 per annum",https://jobs.nottingham.ac.uk/vacancies.aspx?cat=-1,,2026-09-28,https://jobs.nottingham.ac.uk/vacancies.aspx?cat=-1,
University of Nottingham,Education,Safeguarding Adults in Sport Manager (Fixed Term),"Leisure, Sport & Culture","University Park, Nottingham",Nottingham,2026-10-16,,Fixed-term,Not stated,"£35,608 to £47,389 per annum",https://jobs.nottingham.ac.uk/vacancies.aspx?cat=-1,,2026-09-28,https://jobs.nottingham.ac.uk/vacancies.aspx?cat=-1,
Welbeck Primary School,Education,L3 Teaching Assistant starting in November 2026,Education & Training,"Nottingham, Nottinghamshire, NG2 1NT",Nottingham,2026-10-05,12:00,Other,Full-time,"GLPC E, Points 12-19",https://teaching-vacancies.service.gov.uk/jobs?location=nottinghamshire&page=16,,2026-09-28,https://teaching-vacancies.service.gov.uk/jobs?location=nottinghamshire&page=16,
West Bridgford Infant School,Education,Senior Midday Supervisor,Children & Young People,"West Bridgford Infant School, West Bridgford",Rushcliffe,2026-09-29,,Other,Not stated,,https://nottinghamshire.tal.net/vx/lang-en-GB/mobile-0/appcentre-ext/brand-8/candidate/jobboard/vacancy/1/adv/,,2026-09-28,https://nottinghamshire.tal.net/vx/lang-en-GB/mobile-0/appcentre-ext/brand-8/candidate/jobboard/vacancy/1/adv/,
Yeoman Park Academy,Education,Teaching Assistant,Education & Training,"Mansfield, Nottinghamshire, NG19 8PS",Mansfield,2026-10-04,23:59,Other,Full-time,"£22,569.72 annually (actual)",https://teaching-vacancies.service.gov.uk/jobs?location=Nottinghamshire&page=2,,2026-09-28,https://teaching-vacancies.service.gov.uk/jobs?location=Nottinghamshire&page=2,
